{"cameraMode":{"drawMode":0,"name":"Shaded","section":"Shading Mode"},"sceneLighting":false,"audioPlay":false,"sceneViewState":{"showFog":true,"showMaterialUpdate":false,"showSkybox":false,"showFlares":true,"showImageEffects":true,"showParticleSystems":true},"in2DMode":false,"pivot":{"x":161.92774963378907,"y":147.10467529296876,"z":172.92945861816407},"rotation":{"x":0.05397499352693558,"y":-0.6916678547859192,"z":0.05197262763977051,"w":0.7183175086975098},"size":22.0,"orthographic":false}