{"cameraMode":{"drawMode":0,"name":"Shaded","section":"Shading Mode"},"sceneLighting":true,"audioPlay":false,"sceneViewState":{"showFog":true,"showMaterialUpdate":false,"showSkybox":true,"showFlares":true,"showImageEffects":true,"showParticleSystems":true},"in2DMode":false,"pivot":{"x":-52.970149993896487,"y":10.42703628540039,"z":7.8038434982299809},"rotation":{"x":0.008870333433151245,"y":-0.673425555229187,"z":0.008081506937742234,"w":0.7391583919525147},"size":85.35903930664063,"orthographic":false}